phase,aggregator_round,answer_1e8,updated_at
2,1,99982000,1776218417
2,2,99989000,1776304825
2,3,99990000,1776391231
2,4,99986299,1776477647
2,5,99973034,1776564065
2,6,99980337,1776650481
2,7,99977246,1776736897
2,8,99985000,1776823315
2,9,99973247,1776909739
2,10,99989000,1776996155
2,11,99988952,1777082573
2,12,99986714,1777168991
2,13,99987515,1777255409
2,14,99988735,1777341829
2,15,99980000,1777428247
2,16,99989000,1777514655
2,17,99965562,1777601083
2,18,99992000,1777687501
2,19,99990117,1777773921
2,20,99985698,1777860337
2,21,99985000,1777946757
2,22,99984473,1778033161
2,23,99991000,1778119581
2,24,99990114,1778205999
2,25,99984807,1778292405
2,26,99980633,1778378825
2,27,99982681,1778465241
2,28,99980489,1778551665
2,29,99982683,1778638069
2,30,99975482,1778724497
2,31,99980000,1778810905
2,32,99974902,1778897323
2,33,99979854,1778983739
2,34,99973002,1779070165
2,35,99973685,1779156589
2,36,99969651,1779243073
2,37,99968940,1779329481
2,38,99972105,1779415893
2,39,99969638,1779502307
2,40,99970000,1779588731
2,41,99969000,1779675147
2,42,99966715,1779761577
2,43,99970000,1779847991
2,44,99955838,1779934435
2,45,99954845,1780020905
2,46,99958995,1780107331
2,47,99960000,1780193757
2,48,99959980,1780280165
2,49,99965000,1780366577
2,50,99963000,1780453003
2,51,99965026,1780539435
2,52,99965074,1780625865
2,53,99970750,1780712285
2,54,99969000,1780798713
2,55,99968000,1780885139
2,56,99967372,1780971571
2,57,99976703,1781057987
2,58,99977000,1781144399
2,59,99972572,1781187359
2,60,99978679,1781273763
2,61,99979788,1781360175
2,62,99974000,1781446585
2,63,99972000,1781533017
2,64,99970028,1781619441
2,65,99968406,1781705851
2,66,99973419,1781792261
2,67,99974048,1781878677
2,68,99977916,1781965097
2,69,99974560,1782051507
2,70,99971000,1782137937
2,71,99969000,1782224347
2,72,99973114,1782310767
2,73,99963524,1782397201
2,74,99965515,1782483609
2,75,99957000,1782570037
2,76,99966000,1782656459
2,77,99959706,1782742885
2,78,99951000,1782829297
2,79,99966000,1782915719
2,80,99974000,1783002131
2,81,99972658,1783088543
2,82,99979086,1783174951
2,83,99978000,1783261365
2,84,99975863,1783347775
2,85,99980000,1783434183
2,86,99979850,1783520611
2,87,99970388,1783607023
2,88,99975170,1783693427
2,89,99981136,1783779845
2,90,99978000,1783866261
2,91,99972313,1783952679
2,92,99974106,1784039095
2,93,99978517,1784125513
2,94,99987612,1784211937
2,95,99986235,1784298341
2,96,99989409,1784384761
2,97,99986519,1784471179
2,98,99979348,1784557595
2,99,99988000,1784644015
2,100,99990205,1784730435
2,101,99984000,1784816855
2,102,99990607,1784903277
2,103,99997197,1784989695
2,104,99995193,1785076123
2,105,99990830,1785162539
2,106,99981134,1785248957
2,107,99974007,1785335381
2,108,99976563,1785421795
3,1,99992066,1787243605
3,2,99996901,1787330075
3,3,99998919,1787416497
3,4,100000000,1787502987
3,5,99999961,1787589403
3,6,99999000,1787661441
3,7,99986552,1787747845
3,8,99999066,1787834251
3,9,99993091,1787920657
3,10,99995529,1788007075
3,11,99993266,1788093493
3,12,99991434,1788179911
3,13,99990454,1788266317
3,14,99979395,1788352735
3,15,99983065,1788439153
3,16,100000000,1788525571
3,17,99986822,1788611977
3,18,99989350,1788698397
3,19,99988612,1788784815
3,20,99983134,1788871221
3,21,99990801,1788957639
3,22,99992258,1789044057
3,23,99984987,1789130477
3,24,99986476,1789216883
3,25,99985383,1789303301
3,26,99983415,1789389719
3,27,99987113,1789476135
3,28,99986080,1789562559
3,29,99981767,1789648977
3,30,99992151,1789735397
3,31,99988405,1789821815
3,32,99986041,1789908233
3,33,99991826,1789994639
3,34,99990721,1790081045
3,35,99982922,1790167465
3,36,99988034,1790253885
3,37,99988901,1790340305
3,38,99992320,1790426723
3,39,99989221,1790513143
3,40,99988320,1790599571
3,41,99997146,1790685977
