block,timestamp,available_usdc,supplied_usdc,borrowed_usdc
48057443,1782904233,26065727684035,172465198152990,146399715258305
48079043,1782947433,28397079602996,174689813154620,146293829177560
48100643,1782990633,28415986029260,174890023693934,146474289086500
48122243,1783033833,29425219192841,175890430958023,146466306579272
48143843,1783077033,29346747549318,176103591758922,146758776990562
48165443,1783120233,28981118657180,176304293446459,147325956461080
48187043,1783163433,30387886144067,177839186664606,147454919474167
48208643,1783206633,30639092762722,178102808477624,147468174606836
48230243,1783249833,29944407307143,178554245629111,148610066839336
48251843,1783293033,29386643879417,178391254891457,149005692554004
48273443,1783336233,29744338129945,178761300515277,149018896920283
48295043,1783379433,31098690744949,179884434779079,148788581147930
48316643,1783422633,30909342331354,179648676713818,148739586336808
48338243,1783465833,31061339607274,179891781626148,148831605872867
48359843,1783509033,30114809684673,178910728569811,148796173498588
48381443,1783552233,29927875903018,178821560382954,148894805419254
48403043,1783595433,29437863418419,178315655636090,148878049149060
48424643,1783638633,29270343825977,178328846063723,149059612033153
48446243,1783681833,32285210832579,181482242543926,149197289377062
48467843,1783725033,31916698262781,181678091765262,149762497167743
48489443,1783768233,32514656945886,182348272705916,149833863011991
48511043,1783811433,32020633375589,181960012012294,149940482633967
48532643,1783854633,30366588136950,180402864058026,150036522235355
48554243,1783897833,30255688783533,180279839682801,150025254822130
48575843,1783941033,29408282823070,179718634042314,150310614631982
48597443,1783984233,29444008568147,179777296005929,150334441413100
48619043,1784027433,29659698143874,179873959310137,150214522296758
48640643,1784070633,33013249072695,181762828280871,148750730213623
48662243,1784113833,33182589367326,182509900893338,149327553007457
48683843,1784157033,32946612853455,182932580133708,149987097397028
48705443,1784200233,33214626686996,183333187263715,150118810890568
48727043,1784243433,33025258865029,183145873685164,150121708552823
48748643,1784286633,32474030364009,182802409000256,150328623979080
48770243,1784329833,31882325040701,182557391576045,150676187146001
48791843,1784373033,31252391790925,182077114231781,150824972413555
48813443,1784416233,30848350565784,181743192399225,150895953029749
48835043,1784459433,30993383332894,181994543854135,151001409960292
48856643,1784502633,30781164383209,181656862927362,150876805917968
48878243,1784545833,34813737298000,185700239188962,150886758027389
48899843,1784589033,34444091474773,185564432765080,151121452767159
48921443,1784632233,34575702330575,185666553182183,151091099288970
48943043,1784675433,43937779016154,195308169700909,151371440589075
48964643,1784718633,44071651984838,195330451979827,151259031127267
48986243,1784761833,43384785462297,194913430923434,151529783776797
49007843,1784805033,38783185227842,190866692348326,152083743625572
49029443,1784848233,22683285751261,175144412691596,152462272140699
49051043,1784891433,23450836913254,175201533508246,151750967494850
49072643,1784934633,22909995631045,174998860341162,152090040762033
49094243,1784977833,20287135572036,172550564036083,152263708636102
49115843,1785021033,19598357558789,171974953004918,152376910069182
49137443,1785064233,19637316960461,172206901640610,152569868130641
49159043,1785107433,20751609799423,173424205847690,152673806327569
49180643,1785150633,21773769967999,173984244578275,152210747170925
49202243,1785193833,21575029612772,173936248409433,152362404643647
49223843,1785237033,22803853806533,174641548613741,151837965128454
49245443,1785280233,19617337608526,173945411063725,154329268588159
49267043,1785323433,19877725241231,174156138855478,154278699084220
49288643,1785366633,20109058099346,174504880990326,154397075318119
49310243,1785409833,20616185274408,174792648765245,154176747524866
49331843,1785453033,21910850542455,176219663320113,154310027304992
49353443,1785496233,21999818116823,176353431278553,154353891018525
49375043,1785539433,19665087441104,174053645262509,154389769592183
49396643,1785582633,19831465295614,174212302887376,154381122745590
49418243,1785625833,19547128497697,174248481550646,154702577121527
49439843,1785669033,19554179890301,174195963550451,154642068364746
49461443,1785712233,21093811080603,175315899154204,154223303850378
49483043,1785755433,23695864123172,177954197210638,154258610666389
49504643,1785798633,21754359898602,176023372333723,154270205895693
49526243,1785841833,24130307565143,176431441922997,152301402415656
49547843,1785885033,24717690923706,177363088758188,152646567839555
49569443,1785928233,24339516908913,176885967743345,152546719061983
49591043,1785971433,24435991329930,177182610817615,152747788239662
49612643,1786014633,24020354026362,177064138115036,153045603508279
49634243,1786057833,23958972751133,177237546709348,153281306940303
49655843,1786101033,23999139674267,177284217535834,153285350535967
49677443,1786144233,26703065931385,180151681230036,153449794999255
49699043,1786187433,23961901713947,177625653847495,153664022669186
49720643,1786230633,23529830102632,177418633626737,153889985216525
49742243,1786273833,21352580630606,175263751240422,153911449360640
49763843,1786317033,21929505540535,175586326001545,153658023496767
49785443,1786360233,21797789494038,175605047541260,153807542352338
49807043,1786403433,18798909702824,174483914242824,155686230587327
49828643,1786446633,18228002271182,173850200504094,155622489592040
49850243,1786489833,18297670982081,173952993276874,155656569538643
49871843,1786533033,17740030768209,173793957340659,156054220296541
49893443,1786576233,17566792329476,173813950651583,156248413290400
49915043,1786619433,18916305726435,173886083982044,154970066724435
49936643,1786662633,18569245579802,173656443122993,155088432679549
49958243,1786705833,21025676634193,176199266645170,155173875285736
49979843,1786749033,20786789890783,176163264099063,155377700657358
50001443,1786792233,19973114690489,175505330532790,155532502615674
50023043,1786835433,19479855600714,175011956941741,155533335074668
50044643,1786878633,19309099897205,174894416161856,155587497196431
50066243,1786921833,19266532234165,175116672798452,155853271289057
50087843,1786965033,19208990730176,175105062966375,155896362242134
50109443,1787008233,16682520665660,172605230017547,155923962636546
50131043,1787051433,20462674236042,176387033210479,155924648725050
50152643,1787094633,17617213827197,174042969716570,156426992011983
50174243,1787137833,20549602543009,176931649472799,156382337422279
50195843,1787181033,21782646302130,177203876088905,155422477498140
50217443,1787224233,23408413334839,177926210823355,154518143723140
50239043,1787267433,22324429259657,179317778469359,156994708243471
50260643,1787310633,23311211380855,179955392827865,156644555814541
50282243,1787353833,25382324804424,181804572805987,156423639913171
50303843,1787397033,26932703269243,181816067047462,154885715309872
50325443,1787440233,29517946309268,181814017955715,152299309141929
50347043,1787483433,29755527720635,181789025851155,152033864905056
50368643,1787526633,29218933748310,181623139844264,152405657775115
50390243,1787569833,28775525656431,181715513886661,152940246661317
50411843,1787613033,27511276013135,180346405324930,152836317807914
50433443,1787656233,29446863931941,180856810997942,151410201032211
50455043,1787699433,30867825858550,180694473048543,149827886891286
50476643,1787742633,30400815234786,178404603677944,148004039304747
50498243,1787785833,31595260868403,177450501177940,145856406846932
50519843,1787829033,25049753911381,179168695810507,154120990935373
50541443,1787872233,23229267406725,178513991907970,155287694775558
50563043,1787915433,23041825902128,178976118038007,155934572299067
50584643,1787958633,23484026325626,179889380292853,156406650761399
50606243,1788001833,23512624613340,180051652248650,156539317567268
50627843,1788045033,24377636713242,180277141253870,155900738968247
50649443,1788088233,24106669393767,180144616997463,156038240576821
50671043,1788131433,25808264862681,181903403659388,156096492855303
50692643,1788174633,26121914336098,182234687125687,156113090275648
50714243,1788217833,25201336078959,181858226916138,156658182316347
50735843,1788261033,18485725844642,182348645085037,163863316390315
50757443,1788304233,16836573353225,181558020453400,164722995131359
50779043,1788347433,18305395114725,181445234945461,163139845005305
50800643,1788390633,18986574726433,182576940722524,163591423811665
50822243,1788433833,19178284449476,182603147441283,163425184372101
50843843,1788477033,19250693622097,182730925160155,163481579058447
50865443,1788520233,18024091156211,181993830364547,163970069228466
50887043,1788563433,17971121131456,182256518669154,164286794667477
50908643,1788606633,18031643534390,182554412892205,164523110635233
50930243,1788649833,18021695647233,182896947053904,164876660031711
50951843,1788693033,19103486486260,183683824378681,164580663473177
50973443,1788736233,18866917348323,183597749284497,164732192560499
50995043,1788779433,18609057347313,183602067273955,164993336145971
51016643,1788822633,18238307624228,183598937626146,165361995866612
51038243,1788865833,18174347918317,183712891044205,165538892144786
51059843,1788909033,17852645380633,183329106017656,165477883953434
51081443,1788952233,20696502507606,183842467262610,163146300798941
51103043,1788995433,20343862770634,183720307047077,163377802909349
51124643,1789038633,20549337690053,183974142480045,163425131425233
51146243,1789081833,19654652832696,183285895377536,163632610313292
51167843,1789125033,25532751305224,183947627667571,158415177854926
51189443,1789168233,23814038799107,183214353246459,159401625982019
51211043,1789211433,24851513681760,182609662635372,157758451648439
51232643,1789254633,24693906411753,182781778001922,158089151951926
51254243,1789297833,24071757400751,182215687347472,158144231669107
51275843,1789341033,24274702968149,182476485096876,158203065411323
51297443,1789384233,24213764123749,182459510959856,158246049272778
51319043,1789427433,22688464718981,181397915627579,158710740590485
51340643,1789470633,21821545590464,180898045393087,159076810239930
51362243,1789513833,21558576939858,181525149736473,159967891300628
51383843,1789557033,21967660491904,182047069414408,160079722543906
51405443,1789600233,19825660753734,180166977322021,160342643674178
51427043,1789643433,20713888102652,180186189603392,159472616255106
51448643,1789686633,21681348637011,181770917286010,160090891815238
51470243,1789729833,21792070948548,180742279981946,158950521779719
51491843,1789773033,20928114815697,179979146515086,159052349486450
51513443,1789816233,20398382653499,179645401289183,159247332817177
51535043,1789859433,22085334175544,181538335698573,159454323460406
51556643,1789902633,22329556674760,181934445945539,159605201056835
51578243,1789945833,22375587515195,182119854469585,159745582835385
51599843,1789989033,21673938056551,181299991830627,159626368673204
51621443,1790032233,20615324764302,180173607294839,159559608622853
51643043,1790075433,18805972597118,178752200173545,159948581986935
51664643,1790118633,17768949244300,177919088699269,160153536311755
51686243,1790161833,17585498531877,177840104277701,160259054257936
51707843,1790205033,17685842815083,178263860933291,160583531095761
51729443,1790248233,17683539205319,178658321797509,160975117246511
51751043,1790291433,17019430973147,178145206401524,161127270347529
51772643,1790334633,17469968990112,178647040606273,161179704995563
51794243,1790377833,17308255477826,178827658478918,161523154718630
51815843,1790421033,18185492681992,179564002505838,161378851050243
51837443,1790464233,17863811603802,179547598109204,161685169214533
51859043,1790507433,17399760119446,179350882507648,161951469473398
51880643,1790550633,17650502123458,179763702023156,162114659917769
51902243,1790593833,17947891924693,180061628331650,162114070421541
51923843,1790637033,18323958646992,180383259505818,162060699563622
51945443,1790680233,17946120575708,180344200768357,162398409114607
